"平安南京","<span class="url-icon"><img alt=[中国赞] src="//h5.sinaimg.cn/m/emoticon/icon/others/d_chnlike-2c6f482dac.png" style="width:1em; height:1em;" /></span>致敬"
"周小晴晴晴晴","肩负使命，道阻且长。"
"中国警方在线","我喜欢他们，喜欢看他们笑！"
"江油公安","道阻且长，行则将至。致敬<span class="url-icon"><img alt=[中国赞] src="//h5.sinaimg.cn/m/emoticon/icon/others/d_chnlike-2c6f482dac.png" style="width:1em; height:1em;" /></span>"
"叫我Gergory啦","这大概就是人民心中的英雄吧"
"按错的七和弦","4年前去了趟西藏，西藏的交警、派出所民警和边防警都打了交道，都很棒！他们是我这辈子遇到过最好的警察。"
"洛阳人不知道的洛阳事儿","致敬"
"猩⒌男r光","辛苦了！<span class="url-icon"><img alt=[心] src="//h5.sinaimg.cn/m/emoticon/icon/others/l_xin-6912791858.png" style="width:1em; height:1em;" /></span><span class="url-icon"><img alt=[心] src="//h5.sinaimg.cn/m/emoticon/icon/others/l_xin-6912791858.png" style="width:1em; height:1em;" /></span>"
"南海有神尼","在荒凉的世界屋脊，这种温暖无以伦比。"
"吸猫成瘾症候群","看！我就说他们都会骑马<span class="url-icon"><img alt=[喵喵] src="//h5.sinaimg.cn/m/emoticon/icon/others/d_miao-61fe2a7aaa.png" style="width:1em; height:1em;" /></span>"
"赖美云的头号老公","求背景音乐"
"凤台公安在线","马背上的办证窗口"
"张小强01","我喜欢他们，喜欢考他们笑！"
"小猪的二人世界","<span class="url-icon"><img alt=[good] src="//h5.sinaimg.cn/m/emoticon/icon/others/h_good-644bcfa993.png" style="width:1em; height:1em;" /></span><span class="url-icon"><img alt=[心] src="//h5.sinaimg.cn/m/emoticon/icon/others/l_xin-6912791858.png" style="width:1em; height:1em;" /></span>"
"QQ梅林","致敬"
"凉凉云","<span class="url-icon"><img alt=[中国赞] src="//h5.sinaimg.cn/m/emoticon/icon/others/d_chnlike-2c6f482dac.png" style="width:1em; height:1em;" /></span><span class="url-icon"><img alt=[中国赞] src="//h5.sinaimg.cn/m/emoticon/icon/others/d_chnlike-2c6f482dac.png" style="width:1em; height:1em;" /></span><span class="url-icon"><img alt=[中国赞] src="//h5.sinaimg.cn/m/emoticon/icon/others/d_chnlike-2c6f482dac.png" style="width:1em; height:1em;" /></span>"
"安庆望江公安华阳派出所","转发微博"
"衡阳蒸湘公安","【马背上的办证窗口――一个催人泪下的雪域高原派出所的故事】<a  href="https://m.weibo.cn/search?containerid=231522type%3D1%26t%3D10%26q%3D%23%E9%A6%96%E6%89%B9%E6%9E%AB%E6%A1%A5%E5%BC%8F%E5%85%AC%E5%AE%89%E6%B4%BE%E5%87%BA%E6%89%80%23&extparam=%23%E9%A6%96%E6%89%B9%E6%9E%AB%E6%A1%A5%E5%BC%8F%E5%85%AC%E5%AE%89%E6%B4%BE%E5%87%BA%E6%89%80%23" data-hide=""><span class="surl-text">#首批枫桥式公安派出所#</span></a>"
"中国警方在线","道阻且长，行则将至！"
